compute_time,128,256,512
0.5,13.886835992342588,8.489643014371074,3.4767855154543397
1.0,-2.50735687416385,18.577360568699397,7.589766404023817
1.5,3.202194474444936,39.70041759866569,0.21066842065243893
2.0,-5.889427947994583,-4.242645226602596,6.868634844864768
2.5,-1.09241886434035,-0.12083064762787693,9.81467544446322
3.0,-2.4993154563426576,-2.0077084185227054,19.248488919021014
