compute_time,128,256,512
0.5,14.1591061918409,5.148177833467942,4.021901368956426
1.0,61.41856381329037,15.982010746590367,4.562432361764699
1.5,61.673577417331934,35.534543708337296,10.569453103722688
2.0,-0.1158338092446925,75.9468238995339,17.099594886074406
2.5,1.917422223432442,156.66585052611154,20.152287150142342
3.0,2.0170687263691356,55.624791267201154,29.154059425410047
